map,site,draw,minTTC,realizedPET,clearanceM,revealToConflictS,severity,trace
easterbrook-discovery-school,09561123f54cf3fe,draw-002,2.95,1.98,0.355,2.23,severe,/tmp/verify-expB-v4/easterbrook-discovery-school/09561123f54cf3fe/draw-002.trace.json.gz
easterbrook-discovery-school,09561123f54cf3fe,draw-001,2.701,2.12,0.421,2.061,severe,/tmp/verify-expB-v4/easterbrook-discovery-school/09561123f54cf3fe/draw-001.trace.json.gz
easterbrook-discovery-school,09561123f54cf3fe,draw-004,2.693,2.02,0.533,2.053,severe,/tmp/verify-expB-v4/easterbrook-discovery-school/09561123f54cf3fe/draw-004.trace.json.gz
easterbrook-discovery-school,09561123f54cf3fe,draw-003,2.325,1.88,0.474,1.785,severe,/tmp/verify-expB-v4/easterbrook-discovery-school/09561123f54cf3fe/draw-003.trace.json.gz
easterbrook-discovery-school,09561123f54cf3fe,draw-005,2.301,1.86,0.58,1.781,severe,/tmp/verify-expB-v4/easterbrook-discovery-school/09561123f54cf3fe/draw-005.trace.json.gz
easterbrook-discovery-school,09561123f54cf3fe,draw-000,2.337,1.82,0.312,1.797,severe,/tmp/verify-expB-v4/easterbrook-discovery-school/09561123f54cf3fe/draw-000.trace.json.gz
easterbrook-discovery-school,4316971928f594ea,draw-002,2.242,1.74,0.688,1.802,high,/tmp/verify-expB-v4/easterbrook-discovery-school/4316971928f594ea/draw-002.trace.json.gz
easterbrook-discovery-school,4316971928f594ea,draw-001,2.45,1.88,0.72,1.89,high,/tmp/verify-expB-v4/easterbrook-discovery-school/4316971928f594ea/draw-001.trace.json.gz
easterbrook-discovery-school,4316971928f594ea,draw-004,2.303,1.84,0.866,1.783,high,/tmp/verify-expB-v4/easterbrook-discovery-school/4316971928f594ea/draw-004.trace.json.gz
easterbrook-discovery-school,4316971928f594ea,draw-003,2.275,1.8,0.756,1.795,high,/tmp/verify-expB-v4/easterbrook-discovery-school/4316971928f594ea/draw-003.trace.json.gz
easterbrook-discovery-school,4316971928f594ea,draw-005,2.717,2.02,0.986,1.997,high,/tmp/verify-expB-v4/easterbrook-discovery-school/4316971928f594ea/draw-005.trace.json.gz
easterbrook-discovery-school,4316971928f594ea,draw-000,2.08,1.58,0.549,1.62,severe,/tmp/verify-expB-v4/easterbrook-discovery-school/4316971928f594ea/draw-000.trace.json.gz
easterbrook-discovery-school,aa4390236a57827c,draw-002,0.204,2.04,0.286,4.804,severe,/tmp/verify-expB-v4/easterbrook-discovery-school/aa4390236a57827c/draw-002.trace.json.gz
easterbrook-discovery-school,aa4390236a57827c,draw-001,2.733,2.1,0.428,2.013,severe,/tmp/verify-expB-v4/easterbrook-discovery-school/aa4390236a57827c/draw-001.trace.json.gz
easterbrook-discovery-school,aa4390236a57827c,draw-004,2.384,1.92,0.494,1.784,severe,/tmp/verify-expB-v4/easterbrook-discovery-school/aa4390236a57827c/draw-004.trace.json.gz
easterbrook-discovery-school,aa4390236a57827c,draw-003,2.744,2.16,0.477,2.024,severe,/tmp/verify-expB-v4/easterbrook-discovery-school/aa4390236a57827c/draw-003.trace.json.gz
easterbrook-discovery-school,aa4390236a57827c,draw-005,2.701,2.12,0.413,2.041,severe,/tmp/verify-expB-v4/easterbrook-discovery-school/aa4390236a57827c/draw-005.trace.json.gz
easterbrook-discovery-school,aa4390236a57827c,draw-000,2.654,2.06,0.492,1.974,severe,/tmp/verify-expB-v4/easterbrook-discovery-school/aa4390236a57827c/draw-000.trace.json.gz
easterbrook-discovery-school,db2f36b544efc206,draw-002,3.794,2.08,2.348,2.954,moderate,/tmp/verify-expB-v4/easterbrook-discovery-school/db2f36b544efc206/draw-002.trace.json.gz
easterbrook-discovery-school,db2f36b544efc206,draw-001,3.112,1.48,2.01,2.492,moderate,/tmp/verify-expB-v4/easterbrook-discovery-school/db2f36b544efc206/draw-001.trace.json.gz
easterbrook-discovery-school,db2f36b544efc206,draw-004,2.917,1.52,2.185,2.377,moderate,/tmp/verify-expB-v4/easterbrook-discovery-school/db2f36b544efc206/draw-004.trace.json.gz
easterbrook-discovery-school,db2f36b544efc206,draw-003,2.647,1.62,2.262,2.187,moderate,/tmp/verify-expB-v4/easterbrook-discovery-school/db2f36b544efc206/draw-003.trace.json.gz
easterbrook-discovery-school,db2f36b544efc206,draw-005,2.687,1.6,2.36,2.247,moderate,/tmp/verify-expB-v4/easterbrook-discovery-school/db2f36b544efc206/draw-005.trace.json.gz
easterbrook-discovery-school,db2f36b544efc206,draw-000,3.101,1.46,1.926,2.481,moderate,/tmp/verify-expB-v4/easterbrook-discovery-school/db2f36b544efc206/draw-000.trace.json.gz
easterbrook-discovery-school,959074bdea126149,draw-002,2.838,1.8,1.376,2.118,moderate,/tmp/verify-expB-v4/easterbrook-discovery-school/959074bdea126149/draw-002.trace.json.gz
easterbrook-discovery-school,959074bdea126149,draw-001,2.873,2.0,1.29,2.193,moderate,/tmp/verify-expB-v4/easterbrook-discovery-school/959074bdea126149/draw-001.trace.json.gz
easterbrook-discovery-school,959074bdea126149,draw-004,2.292,1.76,1.417,1.792,moderate,/tmp/verify-expB-v4/easterbrook-discovery-school/959074bdea126149/draw-004.trace.json.gz
easterbrook-discovery-school,959074bdea126149,draw-003,3.197,2.06,1.424,2.357,moderate,/tmp/verify-expB-v4/easterbrook-discovery-school/959074bdea126149/draw-003.trace.json.gz
easterbrook-discovery-school,959074bdea126149,draw-005,3.112,1.82,1.382,2.312,moderate,/tmp/verify-expB-v4/easterbrook-discovery-school/959074bdea126149/draw-005.trace.json.gz
easterbrook-discovery-school,959074bdea126149,draw-000,2.644,1.94,1.437,1.984,moderate,/tmp/verify-expB-v4/easterbrook-discovery-school/959074bdea126149/draw-000.trace.json.gz
easterbrook-discovery-school,985f5fc480640fbd,draw-002,3.133,2.06,0.381,2.333,severe,/tmp/verify-expB-v4/easterbrook-discovery-school/985f5fc480640fbd/draw-002.trace.json.gz
easterbrook-discovery-school,985f5fc480640fbd,draw-001,2.686,2.12,0.52,1.986,severe,/tmp/verify-expB-v4/easterbrook-discovery-school/985f5fc480640fbd/draw-001.trace.json.gz
easterbrook-discovery-school,985f5fc480640fbd,draw-004,2.703,2.12,0.293,2.003,severe,/tmp/verify-expB-v4/easterbrook-discovery-school/985f5fc480640fbd/draw-004.trace.json.gz
easterbrook-discovery-school,985f5fc480640fbd,draw-003,3.05,2.12,0.46,2.27,severe,/tmp/verify-expB-v4/easterbrook-discovery-school/985f5fc480640fbd/draw-003.trace.json.gz
easterbrook-discovery-school,985f5fc480640fbd,draw-005,2.163,1.68,0.296,1.683,severe,/tmp/verify-expB-v4/easterbrook-discovery-school/985f5fc480640fbd/draw-005.trace.json.gz
easterbrook-discovery-school,985f5fc480640fbd,draw-000,2.677,2.12,0.52,2.017,severe,/tmp/verify-expB-v4/easterbrook-discovery-school/985f5fc480640fbd/draw-000.trace.json.gz
yale-street,41cf4a52132978d0,draw-002,4.101,2.06,2.487,3.361,moderate,/tmp/verify-expB-v4/yale-street/41cf4a52132978d0/draw-002.trace.json.gz
yale-street,41cf4a52132978d0,draw-001,3.835,1.92,2.404,3.195,moderate,/tmp/verify-expB-v4/yale-street/41cf4a52132978d0/draw-001.trace.json.gz
yale-street,41cf4a52132978d0,draw-004,2.807,1.44,2.305,2.367,moderate,/tmp/verify-expB-v4/yale-street/41cf4a52132978d0/draw-004.trace.json.gz
yale-street,41cf4a52132978d0,draw-003,4.07,2.1,2.498,3.35,moderate,/tmp/verify-expB-v4/yale-street/41cf4a52132978d0/draw-003.trace.json.gz
yale-street,41cf4a52132978d0,draw-005,3.048,1.48,2.444,2.528,moderate,/tmp/verify-expB-v4/yale-street/41cf4a52132978d0/draw-005.trace.json.gz
yale-street,41cf4a52132978d0,draw-000,3.031,1.36,2.24,2.551,moderate,/tmp/verify-expB-v4/yale-street/41cf4a52132978d0/draw-000.trace.json.gz
yale-street,03c0e70c516a9500,draw-002,2.117,1.56,0.947,1.697,high,/tmp/verify-expB-v4/yale-street/03c0e70c516a9500/draw-002.trace.json.gz
yale-street,03c0e70c516a9500,draw-001,2.917,2.06,1.253,2.157,moderate,/tmp/verify-expB-v4/yale-street/03c0e70c516a9500/draw-001.trace.json.gz
yale-street,03c0e70c516a9500,draw-004,2.632,2.02,1.237,1.912,moderate,/tmp/verify-expB-v4/yale-street/03c0e70c516a9500/draw-004.trace.json.gz
yale-street,03c0e70c516a9500,draw-003,1.761,1.28,0.806,1.481,high,/tmp/verify-expB-v4/yale-street/03c0e70c516a9500/draw-003.trace.json.gz
yale-street,03c0e70c516a9500,draw-005,2.394,1.8,1.266,1.834,moderate,/tmp/verify-expB-v4/yale-street/03c0e70c516a9500/draw-005.trace.json.gz
yale-street,03c0e70c516a9500,draw-000,2.507,1.78,1.147,1.907,high,/tmp/verify-expB-v4/yale-street/03c0e70c516a9500/draw-000.trace.json.gz
yale-street,efabf5412c2eeeea,draw-002,4.149,2.08,2.566,2.958,moderate,/tmp/verify-expB-v4/yale-street/efabf5412c2eeeea/draw-002.trace.json.gz
yale-street,efabf5412c2eeeea,draw-001,3.817,1.7,2.369,2.74,moderate,/tmp/verify-expB-v4/yale-street/efabf5412c2eeeea/draw-001.trace.json.gz
yale-street,efabf5412c2eeeea,draw-004,3.878,1.6,2.085,3.018,moderate,/tmp/verify-expB-v4/yale-street/efabf5412c2eeeea/draw-004.trace.json.gz
yale-street,efabf5412c2eeeea,draw-003,4.266,2.1,2.542,3.021,moderate,/tmp/verify-expB-v4/yale-street/efabf5412c2eeeea/draw-003.trace.json.gz
yale-street,efabf5412c2eeeea,draw-005,3.168,1.38,2.194,2.508,moderate,/tmp/verify-expB-v4/yale-street/efabf5412c2eeeea/draw-005.trace.json.gz
yale-street,efabf5412c2eeeea,draw-000,3.11,1.36,2.223,2.47,moderate,/tmp/verify-expB-v4/yale-street/efabf5412c2eeeea/draw-000.trace.json.gz
yale-street,1f52266eb1d25703,draw-002,2.741,1.86,2.17,2.181,moderate,/tmp/verify-expB-v4/yale-street/1f52266eb1d25703/draw-002.trace.json.gz
yale-street,1f52266eb1d25703,draw-001,2.396,1.74,2.111,1.936,moderate,/tmp/verify-expB-v4/yale-street/1f52266eb1d25703/draw-001.trace.json.gz
yale-street,1f52266eb1d25703,draw-004,2.574,1.8,2.102,2.034,moderate,/tmp/verify-expB-v4/yale-street/1f52266eb1d25703/draw-004.trace.json.gz
yale-street,1f52266eb1d25703,draw-003,2.308,1.62,1.978,1.888,moderate,/tmp/verify-expB-v4/yale-street/1f52266eb1d25703/draw-003.trace.json.gz
yale-street,1f52266eb1d25703,draw-005,3.352,1.94,1.895,2.612,moderate,/tmp/verify-expB-v4/yale-street/1f52266eb1d25703/draw-005.trace.json.gz
yale-street,1f52266eb1d25703,draw-000,2.706,1.6,1.707,2.166,moderate,/tmp/verify-expB-v4/yale-street/1f52266eb1d25703/draw-000.trace.json.gz
yale-street,97839ae875037554,draw-002,3.359,1.6,2.213,2.619,moderate,/tmp/verify-expB-v4/yale-street/97839ae875037554/draw-002.trace.json.gz
yale-street,97839ae875037554,draw-001,3.462,1.48,2.069,2.702,moderate,/tmp/verify-expB-v4/yale-street/97839ae875037554/draw-001.trace.json.gz
yale-street,97839ae875037554,draw-004,3.187,1.46,2.377,2.281,moderate,/tmp/verify-expB-v4/yale-street/97839ae875037554/draw-004.trace.json.gz
yale-street,97839ae875037554,draw-003,2.707,1.46,2.124,2.287,moderate,/tmp/verify-expB-v4/yale-street/97839ae875037554/draw-003.trace.json.gz
yale-street,97839ae875037554,draw-005,2.709,1.56,2.311,2.249,moderate,/tmp/verify-expB-v4/yale-street/97839ae875037554/draw-005.trace.json.gz
yale-street,97839ae875037554,draw-000,3.611,1.9,2.534,2.851,moderate,/tmp/verify-expB-v4/yale-street/97839ae875037554/draw-000.trace.json.gz
yale-street,10f580bdd77b7190,draw-002,3.2,1.5,1.497,2.058,moderate,/tmp/verify-expB-v4/yale-street/10f580bdd77b7190/draw-002.trace.json.gz
yale-street,10f580bdd77b7190,draw-001,2.921,1.78,1.982,1.984,moderate,/tmp/verify-expB-v4/yale-street/10f580bdd77b7190/draw-001.trace.json.gz
yale-street,10f580bdd77b7190,draw-004,3.476,1.88,1.836,2.24,moderate,/tmp/verify-expB-v4/yale-street/10f580bdd77b7190/draw-004.trace.json.gz
yale-street,10f580bdd77b7190,draw-003,2.46,1.54,1.703,1.8,moderate,/tmp/verify-expB-v4/yale-street/10f580bdd77b7190/draw-003.trace.json.gz
yale-street,10f580bdd77b7190,draw-005,3.178,1.48,1.484,2.031,moderate,/tmp/verify-expB-v4/yale-street/10f580bdd77b7190/draw-005.trace.json.gz
yale-street,10f580bdd77b7190,draw-000,2.36,1.46,1.647,1.74,moderate,/tmp/verify-expB-v4/yale-street/10f580bdd77b7190/draw-000.trace.json.gz
yale-street,83d86d263e8bf8d4,draw-002,3.197,1.56,2.566,2.537,moderate,/tmp/verify-expB-v4/yale-street/83d86d263e8bf8d4/draw-002.trace.json.gz
yale-street,83d86d263e8bf8d4,draw-001,3.804,1.52,1.996,2.944,moderate,/tmp/verify-expB-v4/yale-street/83d86d263e8bf8d4/draw-001.trace.json.gz
yale-street,83d86d263e8bf8d4,draw-004,4.013,2.04,2.602,2.896,moderate,/tmp/verify-expB-v4/yale-street/83d86d263e8bf8d4/draw-004.trace.json.gz
yale-street,83d86d263e8bf8d4,draw-003,3.025,1.28,2.15,2.385,moderate,/tmp/verify-expB-v4/yale-street/83d86d263e8bf8d4/draw-003.trace.json.gz
yale-street,83d86d263e8bf8d4,draw-005,4.026,1.9,2.383,2.812,moderate,/tmp/verify-expB-v4/yale-street/83d86d263e8bf8d4/draw-005.trace.json.gz
yale-street,83d86d263e8bf8d4,draw-000,3.414,1.62,2.509,2.519,moderate,/tmp/verify-expB-v4/yale-street/83d86d263e8bf8d4/draw-000.trace.json.gz
yale-street,50642e9880b9b298,draw-002,3.854,1.56,2.027,2.994,moderate,/tmp/verify-expB-v4/yale-street/50642e9880b9b298/draw-002.trace.json.gz
yale-street,50642e9880b9b298,draw-001,3.529,1.56,2.142,2.749,moderate,/tmp/verify-expB-v4/yale-street/50642e9880b9b298/draw-001.trace.json.gz
yale-street,50642e9880b9b298,draw-004,3.893,2.04,2.639,2.798,moderate,/tmp/verify-expB-v4/yale-street/50642e9880b9b298/draw-004.trace.json.gz
yale-street,50642e9880b9b298,draw-003,3.172,1.46,2.353,2.532,moderate,/tmp/verify-expB-v4/yale-street/50642e9880b9b298/draw-003.trace.json.gz
yale-street,50642e9880b9b298,draw-005,4.118,2.0,2.415,2.917,moderate,/tmp/verify-expB-v4/yale-street/50642e9880b9b298/draw-005.trace.json.gz
yale-street,50642e9880b9b298,draw-000,3.841,1.56,1.998,2.981,moderate,/tmp/verify-expB-v4/yale-street/50642e9880b9b298/draw-000.trace.json.gz
richmond-field-station,7adb557f0d420ff3,draw-002,2.605,1.76,1.583,1.985,moderate,/tmp/verify-expB-v4/richmond-field-station/7adb557f0d420ff3/draw-002.trace.json.gz
richmond-field-station,7adb557f0d420ff3,draw-001,2.454,1.76,1.8,1.874,moderate,/tmp/verify-expB-v4/richmond-field-station/7adb557f0d420ff3/draw-001.trace.json.gz
richmond-field-station,7adb557f0d420ff3,draw-004,2.567,2.02,2.011,2.007,moderate,/tmp/verify-expB-v4/richmond-field-station/7adb557f0d420ff3/draw-004.trace.json.gz
richmond-field-station,7adb557f0d420ff3,draw-003,2.733,1.96,1.872,2.113,moderate,/tmp/verify-expB-v4/richmond-field-station/7adb557f0d420ff3/draw-003.trace.json.gz
richmond-field-station,7adb557f0d420ff3,draw-005,2.813,1.68,1.696,2.153,moderate,/tmp/verify-expB-v4/richmond-field-station/7adb557f0d420ff3/draw-005.trace.json.gz
richmond-field-station,7adb557f0d420ff3,draw-000,3.704,2.12,1.849,2.824,moderate,/tmp/verify-expB-v4/richmond-field-station/7adb557f0d420ff3/draw-000.trace.json.gz
richmond-field-station,82269356fd3d6aae,draw-002,2.641,2.1,0.866,2.001,high,/tmp/verify-expB-v4/richmond-field-station/82269356fd3d6aae/draw-002.trace.json.gz
richmond-field-station,82269356fd3d6aae,draw-001,2.336,1.84,1.078,1.776,high,/tmp/verify-expB-v4/richmond-field-station/82269356fd3d6aae/draw-001.trace.json.gz
richmond-field-station,82269356fd3d6aae,draw-004,2.619,2.0,1.011,1.919,high,/tmp/verify-expB-v4/richmond-field-station/82269356fd3d6aae/draw-004.trace.json.gz
richmond-field-station,82269356fd3d6aae,draw-003,3.275,2.12,0.958,2.395,high,/tmp/verify-expB-v4/richmond-field-station/82269356fd3d6aae/draw-003.trace.json.gz
richmond-field-station,82269356fd3d6aae,draw-005,2.277,1.8,0.901,1.757,high,/tmp/verify-expB-v4/richmond-field-station/82269356fd3d6aae/draw-005.trace.json.gz
richmond-field-station,82269356fd3d6aae,draw-000,3.416,2.2,0.956,2.576,high,/tmp/verify-expB-v4/richmond-field-station/82269356fd3d6aae/draw-000.trace.json.gz
richmond-field-station,d38e529ce3e31cde,draw-002,5.249,2.92,0.735,4.209,high,/tmp/verify-expB-v4/richmond-field-station/d38e529ce3e31cde/draw-002.trace.json.gz
richmond-field-station,d38e529ce3e31cde,draw-004,5.216,2.98,0.735,4.236,high,/tmp/verify-expB-v4/richmond-field-station/d38e529ce3e31cde/draw-004.trace.json.gz
richmond-field-station,d38e529ce3e31cde,draw-005,5.188,2.82,1.043,4.148,high,/tmp/verify-expB-v4/richmond-field-station/d38e529ce3e31cde/draw-005.trace.json.gz
richmond-field-station,d38e529ce3e31cde,draw-000,5.263,2.94,0.736,4.263,high,/tmp/verify-expB-v4/richmond-field-station/d38e529ce3e31cde/draw-000.trace.json.gz
richmond-field-station,957f5e57f251c2b8,draw-002,3.041,1.68,1.4,2.281,moderate,/tmp/verify-expB-v4/richmond-field-station/957f5e57f251c2b8/draw-002.trace.json.gz
richmond-field-station,957f5e57f251c2b8,draw-001,2.565,1.96,1.713,1.925,moderate,/tmp/verify-expB-v4/richmond-field-station/957f5e57f251c2b8/draw-001.trace.json.gz
richmond-field-station,957f5e57f251c2b8,draw-004,2.398,1.68,1.425,1.838,moderate,/tmp/verify-expB-v4/richmond-field-station/957f5e57f251c2b8/draw-004.trace.json.gz
richmond-field-station,957f5e57f251c2b8,draw-003,2.469,1.72,1.392,1.969,moderate,/tmp/verify-expB-v4/richmond-field-station/957f5e57f251c2b8/draw-003.trace.json.gz
richmond-field-station,957f5e57f251c2b8,draw-005,2.701,1.7,1.552,2.041,moderate,/tmp/verify-expB-v4/richmond-field-station/957f5e57f251c2b8/draw-005.trace.json.gz
richmond-field-station,957f5e57f251c2b8,draw-000,2.841,1.58,1.394,2.081,moderate,/tmp/verify-expB-v4/richmond-field-station/957f5e57f251c2b8/draw-000.trace.json.gz
richmond-field-station,a17310564082089d,draw-002,2.662,1.96,1.807,2.022,moderate,/tmp/verify-expB-v4/richmond-field-station/a17310564082089d/draw-002.trace.json.gz
richmond-field-station,a17310564082089d,draw-001,2.832,1.82,1.773,2.132,moderate,/tmp/verify-expB-v4/richmond-field-station/a17310564082089d/draw-001.trace.json.gz
richmond-field-station,a17310564082089d,draw-004,2.538,1.96,1.854,1.918,moderate,/tmp/verify-expB-v4/richmond-field-station/a17310564082089d/draw-004.trace.json.gz
richmond-field-station,a17310564082089d,draw-003,2.877,1.84,1.578,2.137,moderate,/tmp/verify-expB-v4/richmond-field-station/a17310564082089d/draw-003.trace.json.gz
richmond-field-station,a17310564082089d,draw-005,2.855,1.66,1.542,2.135,moderate,/tmp/verify-expB-v4/richmond-field-station/a17310564082089d/draw-005.trace.json.gz
richmond-field-station,a17310564082089d,draw-000,2.321,1.62,1.448,1.861,moderate,/tmp/verify-expB-v4/richmond-field-station/a17310564082089d/draw-000.trace.json.gz
richmond-field-station,4b0334689ec18eb3,draw-002,2.894,1.9,1.663,2.134,moderate,/tmp/verify-expB-v4/richmond-field-station/4b0334689ec18eb3/draw-002.trace.json.gz
richmond-field-station,4b0334689ec18eb3,draw-001,2.382,1.74,1.585,1.822,moderate,/tmp/verify-expB-v4/richmond-field-station/4b0334689ec18eb3/draw-001.trace.json.gz
richmond-field-station,4b0334689ec18eb3,draw-004,2.65,1.96,1.725,1.99,moderate,/tmp/verify-expB-v4/richmond-field-station/4b0334689ec18eb3/draw-004.trace.json.gz
richmond-field-station,4b0334689ec18eb3,draw-003,2.659,1.7,1.405,1.899,moderate,/tmp/verify-expB-v4/richmond-field-station/4b0334689ec18eb3/draw-003.trace.json.gz
richmond-field-station,4b0334689ec18eb3,draw-005,3.349,1.88,1.448,2.409,moderate,/tmp/verify-expB-v4/richmond-field-station/4b0334689ec18eb3/draw-005.trace.json.gz
richmond-field-station,4b0334689ec18eb3,draw-000,2.752,1.82,1.539,1.972,moderate,/tmp/verify-expB-v4/richmond-field-station/4b0334689ec18eb3/draw-000.trace.json.gz
richmond-field-station,744d1f8a6085ba0d,draw-002,2.873,1.78,1.546,2.093,moderate,/tmp/verify-expB-v4/richmond-field-station/744d1f8a6085ba0d/draw-002.trace.json.gz
richmond-field-station,744d1f8a6085ba0d,draw-001,3.329,1.84,1.446,2.449,moderate,/tmp/verify-expB-v4/richmond-field-station/744d1f8a6085ba0d/draw-001.trace.json.gz
richmond-field-station,744d1f8a6085ba0d,draw-004,2.665,1.94,1.875,2.005,moderate,/tmp/verify-expB-v4/richmond-field-station/744d1f8a6085ba0d/draw-004.trace.json.gz
richmond-field-station,744d1f8a6085ba0d,draw-003,2.955,1.78,1.476,2.175,moderate,/tmp/verify-expB-v4/richmond-field-station/744d1f8a6085ba0d/draw-003.trace.json.gz
richmond-field-station,744d1f8a6085ba0d,draw-005,3.057,1.92,1.857,2.317,moderate,/tmp/verify-expB-v4/richmond-field-station/744d1f8a6085ba0d/draw-005.trace.json.gz
richmond-field-station,744d1f8a6085ba0d,draw-000,2.939,1.88,1.614,2.199,moderate,/tmp/verify-expB-v4/richmond-field-station/744d1f8a6085ba0d/draw-000.trace.json.gz
el-camino-road,2f47577b550b8eaf,draw-002,3.717,2.14,2.068,2.817,moderate,/tmp/verify-expB-v4/el-camino-road/2f47577b550b8eaf/draw-002.trace.json.gz
el-camino-road,2f47577b550b8eaf,draw-001,3.112,1.68,1.799,2.432,moderate,/tmp/verify-expB-v4/el-camino-road/2f47577b550b8eaf/draw-001.trace.json.gz
el-camino-road,2f47577b550b8eaf,draw-004,3.456,1.88,1.863,2.636,moderate,/tmp/verify-expB-v4/el-camino-road/2f47577b550b8eaf/draw-004.trace.json.gz
el-camino-road,2f47577b550b8eaf,draw-003,2.043,1.52,1.828,2.103,moderate,/tmp/verify-expB-v4/el-camino-road/2f47577b550b8eaf/draw-003.trace.json.gz
el-camino-road,2f47577b550b8eaf,draw-005,2.877,1.54,1.824,2.317,moderate,/tmp/verify-expB-v4/el-camino-road/2f47577b550b8eaf/draw-005.trace.json.gz
el-camino-road,2f47577b550b8eaf,draw-000,2.604,1.72,2.004,2.184,moderate,/tmp/verify-expB-v4/el-camino-road/2f47577b550b8eaf/draw-000.trace.json.gz
belmont-research-center,1e176a27d55edd2a,draw-002,3.752,1.96,2.155,2.65,moderate,/tmp/verify-expB-v4/belmont-research-center/1e176a27d55edd2a/draw-002.trace.json.gz
belmont-research-center,1e176a27d55edd2a,draw-001,3.814,2.02,2.255,2.737,moderate,/tmp/verify-expB-v4/belmont-research-center/1e176a27d55edd2a/draw-001.trace.json.gz
belmont-research-center,1e176a27d55edd2a,draw-004,2.244,1.52,2.254,1.904,moderate,/tmp/verify-expB-v4/belmont-research-center/1e176a27d55edd2a/draw-004.trace.json.gz
belmont-research-center,1e176a27d55edd2a,draw-003,3.268,1.5,1.966,2.488,moderate,/tmp/verify-expB-v4/belmont-research-center/1e176a27d55edd2a/draw-003.trace.json.gz
belmont-research-center,1e176a27d55edd2a,draw-005,2.31,1.58,2.335,1.91,moderate,/tmp/verify-expB-v4/belmont-research-center/1e176a27d55edd2a/draw-005.trace.json.gz
belmont-research-center,1e176a27d55edd2a,draw-000,2.8,1.62,2.296,2.16,moderate,/tmp/verify-expB-v4/belmont-research-center/1e176a27d55edd2a/draw-000.trace.json.gz
belmont-research-center,aa1d9efd0ade7456,draw-002,3.265,1.86,1.601,2.008,moderate,/tmp/verify-expB-v4/belmont-research-center/aa1d9efd0ade7456/draw-002.trace.json.gz
belmont-research-center,aa1d9efd0ade7456,draw-001,3.711,2.08,1.645,2.209,moderate,/tmp/verify-expB-v4/belmont-research-center/aa1d9efd0ade7456/draw-001.trace.json.gz
belmont-research-center,aa1d9efd0ade7456,draw-004,3.255,1.56,1.362,2.046,moderate,/tmp/verify-expB-v4/belmont-research-center/aa1d9efd0ade7456/draw-004.trace.json.gz
belmont-research-center,aa1d9efd0ade7456,draw-003,3.28,1.76,1.451,1.932,moderate,/tmp/verify-expB-v4/belmont-research-center/aa1d9efd0ade7456/draw-003.trace.json.gz
belmont-research-center,aa1d9efd0ade7456,draw-005,3.237,1.86,1.643,2.104,moderate,/tmp/verify-expB-v4/belmont-research-center/aa1d9efd0ade7456/draw-005.trace.json.gz
belmont-research-center,aa1d9efd0ade7456,draw-000,2.437,1.62,1.438,1.645,moderate,/tmp/verify-expB-v4/belmont-research-center/aa1d9efd0ade7456/draw-000.trace.json.gz
belmont-research-center,cc2e3d5823b443b7,draw-002,3.215,1.66,2.105,2.435,moderate,/tmp/verify-expB-v4/belmont-research-center/cc2e3d5823b443b7/draw-002.trace.json.gz
belmont-research-center,cc2e3d5823b443b7,draw-001,2.825,1.38,2.008,2.205,moderate,/tmp/verify-expB-v4/belmont-research-center/cc2e3d5823b443b7/draw-001.trace.json.gz
belmont-research-center,cc2e3d5823b443b7,draw-004,3.422,1.88,2.201,2.582,moderate,/tmp/verify-expB-v4/belmont-research-center/cc2e3d5823b443b7/draw-004.trace.json.gz
belmont-research-center,cc2e3d5823b443b7,draw-003,3.35,1.64,1.879,2.53,moderate,/tmp/verify-expB-v4/belmont-research-center/cc2e3d5823b443b7/draw-003.trace.json.gz
belmont-research-center,cc2e3d5823b443b7,draw-005,2.776,1.38,1.946,2.176,moderate,/tmp/verify-expB-v4/belmont-research-center/cc2e3d5823b443b7/draw-005.trace.json.gz
belmont-research-center,cc2e3d5823b443b7,draw-000,2.643,1.78,2.219,2.103,moderate,/tmp/verify-expB-v4/belmont-research-center/cc2e3d5823b443b7/draw-000.trace.json.gz
belmont-research-center,b541c0f1a1fc17cc,draw-002,2.783,1.76,0.716,2.123,high,/tmp/verify-expB-v4/belmont-research-center/b541c0f1a1fc17cc/draw-002.trace.json.gz
belmont-research-center,b541c0f1a1fc17cc,draw-001,2.794,1.82,0.655,2.134,high,/tmp/verify-expB-v4/belmont-research-center/b541c0f1a1fc17cc/draw-001.trace.json.gz
belmont-research-center,b541c0f1a1fc17cc,draw-004,0.243,1.86,0.44,4.623,severe,/tmp/verify-expB-v4/belmont-research-center/b541c0f1a1fc17cc/draw-004.trace.json.gz
belmont-research-center,b541c0f1a1fc17cc,draw-003,3.019,2.06,0.486,2.279,severe,/tmp/verify-expB-v4/belmont-research-center/b541c0f1a1fc17cc/draw-003.trace.json.gz
belmont-research-center,b541c0f1a1fc17cc,draw-005,2.811,1.78,0.591,2.151,severe,/tmp/verify-expB-v4/belmont-research-center/b541c0f1a1fc17cc/draw-005.trace.json.gz
belmont-research-center,b541c0f1a1fc17cc,draw-000,3.113,1.88,0.585,2.413,severe,/tmp/verify-expB-v4/belmont-research-center/b541c0f1a1fc17cc/draw-000.trace.json.gz
